ONS_Code,PCV_12m,PCV_24m,Population_12m,Population_24m,Year,Quarter,Timepoint,Vaccine_Schedule
E06000001,90.6,91.2,233,250,2018/2019,Q1,0,0
E06000002,92.4,90.3,488,463,2018/2019,Q1,0,0
E06000003,96,93.7,351,383,2018/2019,Q1,0,0
E06000004,96.5,95.1,567,570,2018/2019,Q1,0,0
E06000005,96.6,96.6,261,268,2018/2019,Q1,0,0
E06000047,98.5,97.7,1227,1372,2018/2019,Q1,0,0
E08000021,93.4,94.5,797,830,2018/2019,Q1,0,0
E08000022,98.2,96.9,505,551,2018/2019,Q1,0,0
E08000023,97.2,97.6,398,465,2018/2019,Q1,0,0
E08000024,97.6,94.3,743,737,2018/2019,Q1,0,0
E08000037,94.8,95.2,540,559,2018/2019,Q1,0,0
E06000057,92.6,90.8,663,765,2018/2019,Q1,0,0
E06000006,93.7,93.4,347,348,2018/2019,Q1,0,0
E06000007,95.6,96.1,498,586,2018/2019,Q1,0,0
E06000008,92.2,91.5,551,566,2018/2019,Q1,0,0
E06000009,91.8,92,441,449,2018/2019,Q1,0,0
E06000049,96.3,95.5,938,911,2018/2019,Q1,0,0
E06000050,92.8,95.2,879,884,2018/2019,Q1,0,0
E08000001,96.3,95,952,953,2018/2019,Q1,0,0
E08000002,92.1,88.5,557,609,2018/2019,Q1,0,0
E08000003,92.5,90.7,1862,1998,2018/2019,Q1,0,0
E08000004,95.9,92.7,831,849,2018/2019,Q1,0,0
E08000005,94.4,93.3,729,771,2018/2019,Q1,0,0
E08000006,93.2,93.6,839,854,2018/2019,Q1,0,0
E08000007,95.8,94.6,838,893,2018/2019,Q1,0,0
E08000008,91.9,91,626,670,2018/2019,Q1,0,0
E08000009,95.8,94.9,645,690,2018/2019,Q1,0,0
E08000010,96.4,96.1,913,904,2018/2019,Q1,0,0
E08000011,96.3,93.4,535,527,2018/2019,Q1,0,0
E08000012,94.1,93.1,1479,1491,2018/2019,Q1,0,0
E08000013,91.3,92,518,510,2018/2019,Q1,0,0
E08000014,94.2,91.3,638,646,2018/2019,Q1,0,0
E08000015,94.4,94.4,859,855,2018/2019,Q1,0,0
E10000006,96.9,97.5,1144,1223,2018/2019,Q1,0,0
E10000017,67.3,86.9,2983,3228,2018/2019,Q1,0,0
E06000010,93.8,93.1,909,896,2018/2019,Q1,0,0
E06000011,97,94.8,676,690,2018/2019,Q1,0,0
E06000012,97,96.7,467,483,2018/2019,Q1,0,0
E06000013,93.9,91.8,442,477,2018/2019,Q1,0,0
E06000014,95.4,94.1,460,495,2018/2019,Q1,0,0
E08000016,95.6,96.4,725,740,2018/2019,Q1,0,0
E08000017,92.9,93.1,893,897,2018/2019,Q1,0,0
E08000018,97,94.9,705,740,2018/2019,Q1,0,0
E08000019,93.7,93.2,1636,1599,2018/2019,Q1,0,0
E08000032,93,92.4,1937,1972,2018/2019,Q1,0,0
E08000033,91.5,93.9,590,627,2018/2019,Q1,0,0
E08000034,95.3,94.5,1295,1289,2018/2019,Q1,0,0
E08000035,94,92.8,2544,2553,2018/2019,Q1,0,0
E08000036,96.1,96.8,932,1003,2018/2019,Q1,0,0
E10000023,94.6,92.5,1309,1477,2018/2019,Q1,0,0
E06000015,93.9,91.1,825,867,2018/2019,Q1,0,0
E06000016,94.8,94.1,1196,1295,2018/2019,Q1,0,0
E06000017,95.9,95.8,74,96,2018/2019,Q1,0,0
E06000018,90.8,87.2,1046,1130,2018/2019,Q1,0,0
E10000007,96.1,95.6,1811,1902,2018/2019,Q1,0,0
E10000018,97.3,96.4,1659,1901,2018/2019,Q1,0,0
E10000019,93.9,89.7,1876,1900,2018/2019,Q1,0,0
E10000021,94.5,93.6,2124,2282,2018/2019,Q1,0,0
E10000024,96.1,93.4,2134,2126,2018/2019,Q1,0,0
E06000019,96.7,91.8,430,462,2018/2019,Q1,0,0
E06000020,95.9,93.9,536,527,2018/2019,Q1,0,0
E06000021,92.7,91.9,838,911,2018/2019,Q1,0,0
E06000051,95.7,94.5,679,725,2018/2019,Q1,0,0
E08000025,90.9,88.7,4149,4370,2018/2019,Q1,0,0
E08000026,92.6,82.1,1114,1239,2018/2019,Q1,0,0
E08000027,94.9,96.7,895,939,2018/2019,Q1,0,0
E08000028,92.8,92.2,1143,1186,2018/2019,Q1,0,0
E08000029,95.5,92.6,597,583,2018/2019,Q1,0,0
E08000030,95.1,94.6,937,922,2018/2019,Q1,0,0
E08000031,91.9,93.5,857,904,2018/2019,Q1,0,0
E10000028,96.3,93.9,2092,2186,2018/2019,Q1,0,0
E10000031,94.1,92,1416,1450,2018/2019,Q1,0,0
E10000034,94.6,90.7,1368,1552,2018/2019,Q1,0,0
E06000031,92.1,88.5,683,698,2018/2019,Q1,0,0
E06000032,89,84.5,899,895,2018/2019,Q1,0,0
E06000033,93.5,92.8,538,543,2018/2019,Q1,0,0
E06000034,92.4,86.5,603,651,2018/2019,Q1,0,0
E06000055,93.9,94.1,544,539,2018/2019,Q1,0,0
E06000056,96.6,95.3,774,833,2018/2019,Q1,0,0
E10000003,94.7,92.3,1746,1889,2018/2019,Q1,0,0
E10000012,94.4,92.4,4212,4368,2018/2019,Q1,0,0
E10000015,91.8,91.9,3534,3675,2018/2019,Q1,0,0
E10000020,96.2,95.2,2221,2312,2018/2019,Q1,0,0
E10000029,94.8,92.3,1898,1983,2018/2019,Q1,0,0
E09000002,91.1,83.9,1006,1012,2018/2019,Q1,0,0
E09000003,84.3,82.2,1391,1273,2018/2019,Q1,0,0
E09000004,92.2,88.4,728,743,2018/2019,Q1,0,0
E09000005,89.4,82.8,1255,1242,2018/2019,Q1,0,0
E09000006,93.6,89.8,1125,1130,2018/2019,Q1,0,0
E09000007,82.6,75,696,653,2018/2019,Q1,0,0
E09000008,85.7,79.5,1423,1450,2018/2019,Q1,0,0
E09000009,90,81.3,1264,1256,2018/2019,Q1,0,0
E09000010,81.7,78.5,1139,1160,2018/2019,Q1,0,0
E09000011,90.4,85.6,1096,1134,2018/2019,Q1,0,0
E09000012,76.7,73.9,1101,1099,2018/2019,Q1,0,0
E09000013,87.1,74.7,560,605,2018/2019,Q1,0,0
E09000014,74.2,77.9,993,1079,2018/2019,Q1,0,0
E09000015,88.2,82.4,846,885,2018/2019,Q1,0,0
E09000016,91.7,90.1,900,921,2018/2019,Q1,0,0
E09000017,91.9,83,1019,1106,2018/2019,Q1,0,0
E09000018,89.2,81.1,1078,1128,2018/2019,Q1,0,0
E09000019,85.3,81.1,730,718,2018/2019,Q1,0,0
E09000020,82,73.3,584,592,2018/2019,Q1,0,0
E09000021,88.9,84.9,649,624,2018/2019,Q1,0,0
E09000022,86.3,79.3,1126,1075,2018/2019,Q1,0,0
E09000023,89.1,84.2,1158,1072,2018/2019,Q1,0,0
E09000024,91.7,83,683,698,2018/2019,Q1,0,0
E09000025,80.5,74.1,1532,1516,2018/2019,Q1,0,0
E09000026,87.3,81.2,1219,1232,2018/2019,Q1,0,0
E09000027,90.8,82.1,609,671,2018/2019,Q1,0,0
E09000028,88.5,84.6,1005,1012,2018/2019,Q1,0,0
E09000029,90.2,92,564,603,2018/2019,Q1,0,0
E09000030,91.8,87.2,1140,1262,2018/2019,Q1,0,0
E09000031,87.2,84,1168,1130,2018/2019,Q1,0,0
E09000032,90.4,83.3,1225,1248,2018/2019,Q1,0,0
E09000033,85.3,71.3,517,477,2018/2019,Q1,0,0
E06000035,92.3,89.2,955,953,2018/2019,Q1,0,0
E06000036,97.3,92.6,338,378,2018/2019,Q1,0,0
E06000037,94.7,89.8,361,452,2018/2019,Q1,0,0
E06000038,92.4,88.3,707,734,2018/2019,Q1,0,0
E06000039,92.7,90,630,662,2018/2019,Q1,0,0
E06000040,96.4,93.7,386,473,2018/2019,Q1,0,0
E06000041,93.5,96,397,402,2018/2019,Q1,0,0
E06000042,96.5,93.3,892,982,2018/2019,Q1,0,0
E06000043,91.9,88.3,690,692,2018/2019,Q1,0,0
E06000044,96,93.5,603,628,2018/2019,Q1,0,0
E06000045,92.9,93.2,808,810,2018/2019,Q1,0,0
E06000046,92,85.6,289,285,2018/2019,Q1,0,0
E10000002,94.9,93.6,1517,1584,2018/2019,Q1,0,0
E10000011,92.5,92.9,1237,1296,2018/2019,Q1,0,0
E10000014,95.6,93.2,3547,3851,2018/2019,Q1,0,0
E10000016,92.7,90.7,4424,4306,2018/2019,Q1,0,0
E10000025,95.9,93.4,1881,2030,2018/2019,Q1,0,0
E10000030,90.5,87.3,3270,3654,2018/2019,Q1,0,0
E10000032,95.3,94.1,2192,2258,2018/2019,Q1,0,0
E06000022,95.9,93.9,412,505,2018/2019,Q1,0,0
E06000023,93.7,90.2,1505,1564,2018/2019,Q1,0,0
E06000024,97.5,95.4,553,584,2018/2019,Q1,0,0
E06000025,96.2,94.4,754,733,2018/2019,Q1,0,0
E06000026,95.4,94.9,725,751,2018/2019,Q1,0,0
E06000027,95.2,96.3,332,354,2018/2019,Q1,0,0
E06000030,92.8,92.2,740,746,2018/2019,Q1,0,0
E06000052,93.7,92.3,1294,1399,2018/2019,Q1,0,0
E06000054,96.6,95.3,1192,1360,2018/2019,Q1,0,0
E10000008,93.8,94,1734,1826,2018/2019,Q1,0,0
E10000013,93.3,93.2,1634,1724,2018/2019,Q1,0,0
E10000027,93.8,92.6,1333,1393,2018/2019,Q1,0,0
E06000059,96.3,96.6,840,845,2018/2019,Q1,0,0
E06000001,95.5,89.9,267,298,2018/2019,Q2,1,0
E06000002,91.6,91.8,511,523,2018/2019,Q2,1,0
E06000003,96.1,94.2,380,379,2018/2019,Q2,1,0
E06000004,95.9,93.6,542,636,2018/2019,Q2,1,0
E06000005,95.6,95.3,298,277,2018/2019,Q2,1,0
E06000047,97.5,97.8,1379,1425,2018/2019,Q2,1,0
E08000021,94.6,93.7,835,824,2018/2019,Q2,1,0
E08000022,98.5,95.8,608,595,2018/2019,Q2,1,0
E08000023,97.8,95.4,459,459,2018/2019,Q2,1,0
E08000024,96.1,90.8,736,805,2018/2019,Q2,1,0
E08000037,96.9,90.1,547,593,2018/2019,Q2,1,0
E06000057,95.7,94.4,736,806,2018/2019,Q2,1,0
E06000006,94.3,92.3,404,375,2018/2019,Q2,1,0
E06000007,96.4,96.8,607,587,2018/2019,Q2,1,0
E06000008,89.1,90.7,525,583,2018/2019,Q2,1,0
E06000009,93.6,90.3,455,493,2018/2019,Q2,1,0
E06000049,95.7,93.9,981,966,2018/2019,Q2,1,0
E06000050,93.4,91.6,893,867,2018/2019,Q2,1,0
E08000001,95.7,92.7,927,1028,2018/2019,Q2,1,0
E08000002,88,87.4,541,604,2018/2019,Q2,1,0
E08000003,91.4,89.8,1904,2007,2018/2019,Q2,1,0
E08000004,95.8,92.4,883,948,2018/2019,Q2,1,0
E08000005,94.5,93.5,775,795,2018/2019,Q2,1,0
E08000006,93.1,92.8,901,969,2018/2019,Q2,1,0
E08000007,95.1,94.1,862,892,2018/2019,Q2,1,0
E08000008,89.9,90.3,754,762,2018/2019,Q2,1,0
E08000009,96.2,93.6,651,750,2018/2019,Q2,1,0
E08000010,95.4,95.6,939,951,2018/2019,Q2,1,0
E08000011,94.2,92.3,538,547,2018/2019,Q2,1,0
E08000012,93.5,91.1,1516,1544,2018/2019,Q2,1,0
E08000013,90,89.4,532,538,2018/2019,Q2,1,0
E08000014,88.1,89.7,715,740,2018/2019,Q2,1,0
E08000015,94.2,93.8,889,930,2018/2019,Q2,1,0
E10000006,95,94.8,1225,1301,2018/2019,Q2,1,0
E10000017,79,89.1,3211,3372,2018/2019,Q2,1,0
E06000010,91.5,91.6,883,981,2018/2019,Q2,1,0
E06000011,96.2,94.9,689,778,2018/2019,Q2,1,0
E06000012,96.2,96.3,505,511,2018/2019,Q2,1,0
E06000013,94.7,91.3,436,503,2018/2019,Q2,1,0
E06000014,94.4,92.1,535,519,2018/2019,Q2,1,0
E08000016,97.4,96.6,730,776,2018/2019,Q2,1,0
E08000017,93.7,90.1,941,933,2018/2019,Q2,1,0
E08000018,97.2,96.1,759,767,2018/2019,Q2,1,0
E08000019,94,92,1707,1682,2018/2019,Q2,1,0
E08000032,93,92,1894,2034,2018/2019,Q2,1,0
E08000033,94.1,94.9,631,643,2018/2019,Q2,1,0
E08000034,94.3,94.7,1286,1381,2018/2019,Q2,1,0
E08000035,94.4,93.2,2586,2679,2018/2019,Q2,1,0
E08000036,96.2,95.9,962,1035,2018/2019,Q2,1,0
E10000023,93.9,93.1,1403,1444,2018/2019,Q2,1,0
E06000015,92.6,89.6,878,920,2018/2019,Q2,1,0
E06000016,94.6,93.6,1321,1307,2018/2019,Q2,1,0
E06000017,89.7,95.9,87,97,2018/2019,Q2,1,0
E06000018,86.6,86.5,1157,1152,2018/2019,Q2,1,0
E10000007,95.5,95,1984,2019,2018/2019,Q2,1,0
E10000018,96.8,96.7,1856,1804,2018/2019,Q2,1,0
E10000019,94.8,89.2,1996,2005,2018/2019,Q2,1,0
E10000021,95.1,91.4,2356,2449,2018/2019,Q2,1,0
E10000024,95.3,94.1,2173,2357,2018/2019,Q2,1,0
E06000019,90.5,89.8,473,470,2018/2019,Q2,1,0
E06000020,93.1,93.2,533,572,2018/2019,Q2,1,0
E06000021,94.3,93,880,925,2018/2019,Q2,1,0
E06000051,94.1,94.4,678,749,2018/2019,Q2,1,0
E08000025,88.7,87.1,4256,4548,2018/2019,Q2,1,0
E08000026,91.2,84.5,1239,1276,2018/2019,Q2,1,0
E08000027,95.7,94.8,960,1029,2018/2019,Q2,1,0
E08000028,93.6,90.5,1191,1247,2018/2019,Q2,1,0
E08000029,92.7,93.6,646,625,2018/2019,Q2,1,0
E08000030,93.8,94.1,1056,977,2018/2019,Q2,1,0
E08000031,92.1,91.3,916,875,2018/2019,Q2,1,0
E10000028,95.4,94.1,2246,2340,2018/2019,Q2,1,0
E10000031,94.4,89.9,1508,1533,2018/2019,Q2,1,0
E10000034,94.6,91.8,1435,1590,2018/2019,Q2,1,0
E06000031,91.5,88.8,773,794,2018/2019,Q2,1,0
E06000032,89.5,85.7,918,972,2018/2019,Q2,1,0
E06000033,89.7,91.7,583,551,2018/2019,Q2,1,0
E06000034,92.4,87.7,686,681,2018/2019,Q2,1,0
E06000055,95.5,94.6,594,555,2018/2019,Q2,1,0
E06000056,95.3,94.9,835,838,2018/2019,Q2,1,0
E10000003,93.9,91.7,1839,1854,2018/2019,Q2,1,0
E10000012,94.5,92.5,4573,4549,2018/2019,Q2,1,0
E10000015,90.8,91.7,3646,3826,2018/2019,Q2,1,0
E10000020,95.6,93.7,2224,2353,2018/2019,Q2,1,0
E10000029,94.6,93.3,1982,2051,2018/2019,Q2,1,0
E09000002,90.6,80.8,912,1032,2018/2019,Q2,1,0
E09000003,86.1,82.1,1370,1350,2018/2019,Q2,1,0
E09000004,91,88.9,841,848,2018/2019,Q2,1,0
E09000005,86.9,81.9,1256,1143,2018/2019,Q2,1,0
E09000006,91.7,91.7,1109,1153,2018/2019,Q2,1,0
E09000007,82,78.1,674,657,2018/2019,Q2,1,0
E09000008,85.8,79.7,1486,1530,2018/2019,Q2,1,0
E09000009,88.6,79,1339,1329,2018/2019,Q2,1,0
E09000010,78.7,77.1,1176,1278,2018/2019,Q2,1,0
E09000011,89.9,85.7,1191,1164,2018/2019,Q2,1,0
E09000012,75.2,74.1,1121,1127,2018/2019,Q2,1,0
E09000013,88,78.8,599,624,2018/2019,Q2,1,0
E09000014,75.9,72.4,980,986,2018/2019,Q2,1,0
E09000015,87,84.6,876,909,2018/2019,Q2,1,0
E09000016,91.3,87.5,883,933,2018/2019,Q2,1,0
E09000017,90.4,84.3,1125,1137,2018/2019,Q2,1,0
E09000018,88.6,78.5,1075,1189,2018/2019,Q2,1,0
E09000019,86.2,81,718,751,2018/2019,Q2,1,0
E09000020,80.8,71.8,626,627,2018/2019,Q2,1,0
E09000021,90.2,87.4,623,637,2018/2019,Q2,1,0
E09000022,85.5,79.3,1134,1205,2018/2019,Q2,1,0
E09000023,89.4,83.8,1233,1193,2018/2019,Q2,1,0
E09000024,88.6,82.4,764,729,2018/2019,Q2,1,0
E09000025,83.5,77.4,1505,1487,2018/2019,Q2,1,0
E09000026,88.3,81.3,1207,1286,2018/2019,Q2,1,0
E09000027,89,64.1,621,654,2018/2019,Q2,1,0
E09000028,89.3,83.3,1061,1025,2018/2019,Q2,1,0
E09000029,92.8,88.1,596,723,2018/2019,Q2,1,0
E09000030,91.8,87.6,1188,1190,2018/2019,Q2,1,0
E09000031,89.7,83.8,1174,1202,2018/2019,Q2,1,0
E09000032,88.8,82.9,1266,1312,2018/2019,Q2,1,0
E09000033,81,74.9,538,501,2018/2019,Q2,1,0
E06000035,94,89.9,944,1064,2018/2019,Q2,1,0
E06000036,96.6,89.7,355,359,2018/2019,Q2,1,0
E06000037,94.4,91.1,413,418,2018/2019,Q2,1,0
E06000038,92.8,85.5,745,802,2018/2019,Q2,1,0
E06000039,92.3,88.6,609,639,2018/2019,Q2,1,0
E06000040,92.6,90.5,470,476,2018/2019,Q2,1,0
E06000041,95.6,93.6,410,405,2018/2019,Q2,1,0
E06000042,95.7,92,974,982,2018/2019,Q2,1,0
E06000043,91.3,89.7,709,687,2018/2019,Q2,1,0
E06000044,95.1,92.9,629,714,2018/2019,Q2,1,0
E06000045,93.3,90.6,837,834,2018/2019,Q2,1,0
E06000046,91.7,83.9,303,304,2018/2019,Q2,1,0
E10000002,93.8,92.6,1537,1640,2018/2019,Q2,1,0
E10000011,93.4,93.6,1270,1444,2018/2019,Q2,1,0
E10000014,94.7,92.7,3596,3804,2018/2019,Q2,1,0
E10000016,93.1,91.6,4618,4676,2018/2019,Q2,1,0
E10000025,93.5,94.4,1927,2078,2018/2019,Q2,1,0
E10000030,87.5,85.3,3390,3586,2018/2019,Q2,1,0
E10000032,95.3,94.1,2177,2363,2018/2019,Q2,1,0
E06000022,94.9,95.3,467,486,2018/2019,Q2,1,0
E06000023,93.1,90.9,1454,1544,2018/2019,Q2,1,0
E06000024,95.6,93.3,523,579,2018/2019,Q2,1,0
E06000025,97.2,96.4,790,757,2018/2019,Q2,1,0
E06000026,96.2,92.8,789,760,2018/2019,Q2,1,0
E06000027,95.3,92.1,343,340,2018/2019,Q2,1,0
E06000030,91.6,92.4,763,775,2018/2019,Q2,1,0
E06000052,92.6,91.6,1370,1393,2018/2019,Q2,1,0
E06000054,95.8,95.6,1258,1324,2018/2019,Q2,1,0
E10000008,94.5,92.6,1812,1815,2018/2019,Q2,1,0
E10000013,91.9,92,1769,1795,2018/2019,Q2,1,0
E10000027,93,92.7,1386,1427,2018/2019,Q2,1,0
E06000059,96.7,94.7,847,854,2018/2019,Q2,1,0
E06000001,95.9514170040486,91.2698412698413,247,252,2018/2019,Q3,2,0
E06000002,93.1313131313131,90.2489626556017,495,482,2018/2019,Q3,2,0
E06000003,96.4630225080386,93.6111111111111,311,360,2018/2019,Q3,2,0
E06000004,95.0095969289827,95.6756756756757,521,555,2018/2019,Q3,2,0
E06000005,95.8477508650519,94.8,289,250,2018/2019,Q3,2,0
E06000047,97.2527472527473,97.1942446043166,1274,1390,2018/2019,Q3,2,0
E08000021,94.1676792223572,92.080378250591,823,846,2018/2019,Q3,2,0
E08000022,97.2577696526508,97.7611940298508,547,536,2018/2019,Q3,2,0
E08000023,96.75,94.1176470588235,400,374,2018/2019,Q3,2,0
E08000024,95.8279009126467,92.3884514435696,767,762,2018/2019,Q3,2,0
E08000037,93.9622641509434,87.9456706281834,530,589,2018/2019,Q3,2,0
E06000057,97.0322580645161,94.7232947232947,775,777,2018/2019,Q3,2,0
E06000006,93.8375350140056,93.421052631579,357,380,2018/2019,Q3,2,0
E06000007,96.8283582089552,94.5634266886326,536,607,2018/2019,Q3,2,0
E06000008,94.831013916501,89.3884892086331,503,556,2018/2019,Q3,2,0
E06000009,92.3076923076923,94.1043083900227,455,441,2018/2019,Q3,2,0
E06000049,96.3963963963964,93.4673366834171,999,995,2018/2019,Q3,2,0
E06000050,92.6002055498458,91.0813823857302,973,897,2018/2019,Q3,2,0
E08000001,95.2173913043478,95.0310559006211,920,966,2018/2019,Q3,2,0
E08000002,75.249169435216,79.5493934142114,602,577,2018/2019,Q3,2,0
E08000003,88.5476314419573,88.3016931759877,1921,1949,2018/2019,Q3,2,0
E08000004,94.2488262910798,91.1084043848965,852,821,2018/2019,Q3,2,0
E08000005,91.8882978723404,91.6464891041162,752,826,2018/2019,Q3,2,0
E08000006,92.0441988950276,92.5799086757991,905,876,2018/2019,Q3,2,0
E08000007,94.8502994011976,95.2755905511811,835,889,2018/2019,Q3,2,0
E08000008,91.7134831460674,88.1953867028494,712,737,2018/2019,Q3,2,0
E08000009,96.2686567164179,94.6268656716418,670,670,2018/2019,Q3,2,0
E08000010,95.6663055254605,95.9821428571429,923,896,2018/2019,Q3,2,0
E08000011,89.7485493230174,88.2591093117409,517,494,2018/2019,Q3,2,0
E08000012,92.9336188436831,92.6330150068213,1401,1466,2018/2019,Q3,2,0
E08000013,88.6679920477137,89.753320683112,503,527,2018/2019,Q3,2,0
E08000014,89.8791540785499,90.4761904761905,662,672,2018/2019,Q3,2,0
E08000015,95.2380952380952,95.5135773317592,819,847,2018/2019,Q3,2,0
E10000006,97.0357454228422,97.2972972972973,1147,1221,2018/2019,Q3,2,0
E10000017,93.0276981852913,90.5683947532792,3141,3202,2018/2019,Q3,2,0
E06000010,94.1629955947137,91.4012738853503,908,942,2018/2019,Q3,2,0
E06000011,95.8981612446959,93.859649122807,707,684,2018/2019,Q3,2,0
E06000012,95.6236323851203,94.4444444444444,457,504,2018/2019,Q3,2,0
E06000013,94.2263279445728,92.5155925155925,433,481,2018/2019,Q3,2,0
E06000014,92.2902494331066,93.8,441,500,2018/2019,Q3,2,0
E08000016,96.9127516778524,96.4751958224543,745,766,2018/2019,Q3,2,0
E08000017,91.8823529411765,88.3484162895928,850,884,2018/2019,Q3,2,0
E08000018,97.0042796005706,96.3541666666667,701,768,2018/2019,Q3,2,0
E08000019,93.9412484700122,93.7349397590361,1634,1660,2018/2019,Q3,2,0
E08000032,92.2742110990207,91.905737704918,1838,1952,2018/2019,Q3,2,0
E08000033,95.04,94.4356120826709,625,629,2018/2019,Q3,2,0
E08000034,94.7409126063418,94.5454545454546,1293,1375,2018/2019,Q3,2,0
E08000035,93.8181818181818,92.0919361121932,2475,2567,2018/2019,Q3,2,0
E08000036,95.9835221421215,94.9222797927461,971,965,2018/2019,Q3,2,0
E10000023,94.5522388059702,92.4023154848046,1340,1382,2018/2019,Q3,2,0
E06000015,92.0193470374849,88.4484711211778,827,883,2018/2019,Q3,2,0
E06000016,93.9418416801293,91.4075286415712,1238,1222,2018/2019,Q3,2,0
E06000017,97.7777777777778,95.2941176470588,90,85,2018/2019,Q3,2,0
E06000018,89.4428152492669,85.3372434017595,1023,1023,2018/2019,Q3,2,0
E10000007,96.1950696677385,95.1014349332014,1866,2021,2018/2019,Q3,2,0
E10000018,97.8820835718374,95.6882255389718,1747,1809,2018/2019,Q3,2,0
E10000019,94.6323134728932,88.550026752274,1863,1869,2018/2019,Q3,2,0
E10000021,95.4181494661922,90.8344141807177,2248,2313,2018/2019,Q3,2,0
E10000024,94.7491795593061,93.4099955771782,2133,2261,2018/2019,Q3,2,0
E06000019,91.8181818181818,94.1588785046729,440,428,2018/2019,Q3,2,0
E06000020,95.1492537313433,91.5708812260536,536,522,2018/2019,Q3,2,0
E06000021,93.6507936507937,90.8990011098779,882,901,2018/2019,Q3,2,0
E06000051,95.0773558368495,93.6386768447837,711,786,2018/2019,Q3,2,0
E08000025,89.2303848075962,86.2799906825064,4002,4293,2018/2019,Q3,2,0
E08000026,91.1149825783972,87.6798561151079,1148,1112,2018/2019,Q3,2,0
E08000027,94.8275862068966,94.0042826552463,928,934,2018/2019,Q3,2,0
E08000028,92.3817863397548,88.7298747763864,1142,1118,2018/2019,Q3,2,0
E08000029,92.4914675767918,90.2479338842975,586,605,2018/2019,Q3,2,0
E08000030,94.8921679909194,92.4064171122995,881,935,2018/2019,Q3,2,0
E08000031,91.6289592760181,87.9432624113475,884,846,2018/2019,Q3,2,0
E10000028,94.7821924365725,92.2298850574713,2089,2175,2018/2019,Q3,2,0
E10000031,93.5672514619883,93.8931297709924,1539,1572,2018/2019,Q3,2,0
E10000034,94.4333996023857,92.3927178153446,1509,1538,2018/2019,Q3,2,0
E06000031,91.3165266106443,86.6385372714487,714,711,2018/2019,Q3,2,0
E06000032,87.4701670644391,81.6104461371056,838,919,2018/2019,Q3,2,0
E06000033,91.4285714285714,91.6211293260474,525,549,2018/2019,Q3,2,0
E06000034,91.2337662337662,90.5296950240771,616,623,2018/2019,Q3,2,0
E06000055,96.745027124774,92.7689594356261,553,567,2018/2019,Q3,2,0
E06000056,96.0886571056063,94.944512946979,767,811,2018/2019,Q3,2,0
E10000003,94.2733657482442,91.2737127371274,1851,1845,2018/2019,Q3,2,0
E10000012,94.5390898483081,91.5353867857983,4285,4253,2018/2019,Q3,2,0
E10000015,90.6602708803612,90.0137174211248,3544,3645,2018/2019,Q3,2,0
E10000020,94.449715370019,92.8571428571429,2108,2226,2018/2019,Q3,2,0
E10000029,94.9740932642487,93.5351462288353,1930,1949,2018/2019,Q3,2,0
E09000002,89.3258426966292,84.1131664853101,890,919,2018/2019,Q3,2,0
E09000003,87.8884462151394,83.4498834498835,1255,1287,2018/2019,Q3,2,0
E09000004,90.7734056987788,88.6274509803922,737,765,2018/2019,Q3,2,0
E09000005,88.7959866220736,83.4188034188034,1196,1170,2018/2019,Q3,2,0
E09000006,93.868349864743,90.1923076923077,1109,1040,2018/2019,Q3,2,0
E09000007,85.7357357357357,79.7527047913447,666,647,2018/2019,Q3,2,0
E09000008,86.3567073170732,80.3506208911614,1312,1369,2018/2019,Q3,2,0
E09000009,89.2512972572276,80.2919708029197,1349,1370,2018/2019,Q3,2,0
E09000010,87.3140857392826,80.8173477898249,1143,1199,2018/2019,Q3,2,0
E09000011,90.185676392573,83.3333333333333,1131,1128,2018/2019,Q3,2,0
E09000012,77.1006463527239,74.9766573295985,1083,1071,2018/2019,Q3,2,0
E09000013,83.7931034482759,74.3548387096774,580,620,2018/2019,Q3,2,0
E09000014,84.3313373253493,79.8561151079137,1002,973,2018/2019,Q3,2,0
E09000015,87.513691128149,85.4241338112306,913,837,2018/2019,Q3,2,0
E09000016,92.3963133640553,87.5706214689266,868,885,2018/2019,Q3,2,0
E09000017,90.5444126074499,83.1219512195122,1047,1025,2018/2019,Q3,2,0
E09000018,89.0551917680075,80.9705042816365,1069,1051,2018/2019,Q3,2,0
E09000019,86.0927152317881,81.5977175463623,755,701,2018/2019,Q3,2,0
E09000020,83.2752613240418,69.9658703071672,574,586,2018/2019,Q3,2,0
E09000021,90.9565217391304,88.64,575,625,2018/2019,Q3,2,0
E09000022,88.597210828548,80.8398950131234,1219,1143,2018/2019,Q3,2,0
E09000023,89.1339869281046,84.3463780183181,1224,1201,2018/2019,Q3,2,0
E09000024,89.2141756548536,81.9423368740516,649,659,2018/2019,Q3,2,0
E09000025,88.3814640698456,84.4429347826087,1489,1472,2018/2019,Q3,2,0
E09000026,87.7295492487479,82.8235294117647,1198,1275,2018/2019,Q3,2,0
E09000027,89.2682926829268,84.7113884555382,615,641,2018/2019,Q3,2,0
E09000028,89.1025641025641,82.0610687022901,1092,1048,2018/2019,Q3,2,0
E09000029,91.6802610114192,87.7300613496933,613,652,2018/2019,Q3,2,0
E09000030,92.7404718693285,87.8682842287695,1102,1154,2018/2019,Q3,2,0
E09000031,89.0119250425894,82.8571428571429,1174,1120,2018/2019,Q3,2,0
E09000032,89.2741935483871,83.834281072299,1240,1231,2018/2019,Q3,2,0
E09000033,83.8495575221239,71.5808170515098,452,563,2018/2019,Q3,2,0
E06000035,94.3396226415094,92.8738317757009,901,856,2018/2019,Q3,2,0
E06000036,94.9554896142433,92.797783933518,337,361,2018/2019,Q3,2,0
E06000037,97.5062344139651,94.2857142857143,401,385,2018/2019,Q3,2,0
E06000038,92.2190201729107,88.8571428571429,694,700,2018/2019,Q3,2,0
E06000039,93.2263814616756,89.0701468189233,561,613,2018/2019,Q3,2,0
E06000040,95.0934579439252,93.1506849315068,428,438,2018/2019,Q3,2,0
E06000041,94.973544973545,94.0568475452196,378,387,2018/2019,Q3,2,0
E06000042,96.4247020585049,90.9766454352442,923,942,2018/2019,Q3,2,0
E06000043,92,86.5439093484419,650,706,2018/2019,Q3,2,0
E06000044,94.5945945945946,93.0508474576271,592,590,2018/2019,Q3,2,0
E06000045,93.8209331651955,90.8060453400504,793,794,2018/2019,Q3,2,0
E06000046,91.6923076923077,85.2941176470588,325,306,2018/2019,Q3,2,0
E10000002,94.6350592638802,93.2192231731402,1603,1519,2018/2019,Q3,2,0
E10000011,93.0807248764415,92.3785594639866,1214,1194,2018/2019,Q3,2,0
E10000014,95.3184065135214,93.491124260355,3439,3549,2018/2019,Q3,2,0
E10000016,94.1970310391363,92.2112802148612,4446,4468,2018/2019,Q3,2,0
E10000025,95.9914484233031,92.69889224572,1871,1986,2018/2019,Q3,2,0
E10000030,90.818421824582,84.6833998859099,3409,3506,2018/2019,Q3,2,0
E10000032,95.2893674293405,93.5672514619883,2229,2223,2018/2019,Q3,2,0
E06000022,95.6967213114754,94.9494949494949,488,495,2018/2019,Q3,2,0
E06000023,93.0434782608696,90.1417525773196,1495,1552,2018/2019,Q3,2,0
E06000024,96.6336633663366,94.1947565543071,505,534,2018/2019,Q3,2,0
E06000025,96.5303593556382,94.7696139476962,807,803,2018/2019,Q3,2,0
E06000026,96.7168262653899,96.0053262316911,731,751,2018/2019,Q3,2,0
E06000027,95.5621301775148,92.3566878980892,338,314,2018/2019,Q3,2,0
E06000030,92.6605504587156,93.7748344370861,763,755,2018/2019,Q3,2,0
E06000052,95.1463790446841,92.8518791451732,1298,1357,2018/2019,Q3,2,0
E06000054,96.0603520536463,94.6528332003192,1193,1253,2018/2019,Q3,2,0
E10000008,94.4177671068427,93.0898876404495,1666,1780,2018/2019,Q3,2,0
E10000013,92.5595238095238,92.7774515560775,1680,1703,2018/2019,Q3,2,0
E10000027,94.7530864197531,93.0127723516153,1296,1331,2018/2019,Q3,2,0
E06000059,96.1869618696187,94.201030927835,813,776,2018/2019,Q3,2,0
E06000001,96.4444444444445,91.4396887159533,225,257,2018/2019,Q4,3,0
E06000002,93.2059447983015,92.1971252566735,471,487,2018/2019,Q4,3,0
E06000003,94.2028985507246,94.9152542372881,345,354,2018/2019,Q4,3,0
E06000004,95.0884086444008,95.6190476190476,509,525,2018/2019,Q4,3,0
E06000005,95.5223880597015,93.3852140077821,268,257,2018/2019,Q4,3,0
E06000047,96.6859983429992,97.6669348350764,1207,1243,2018/2019,Q4,3,0
E08000021,93.9432989690722,92.2147651006711,776,745,2018/2019,Q4,3,0
E08000022,95.3703703703704,96.3157894736842,540,570,2018/2019,Q4,3,0
E08000023,97.3118279569893,93.1547619047619,372,336,2018/2019,Q4,3,0
E08000024,95.0617283950617,83.7483617300131,648,763,2018/2019,Q4,3,0
E08000037,90.4,87.3563218390805,500,522,2018/2019,Q4,3,0
E06000057,95.7163958641063,96.1643835616439,677,730,2018/2019,Q4,3,0
E06000006,93.2352941176471,90.9326424870466,340,386,2018/2019,Q4,3,0
E06000007,93.6538461538462,94.8051948051948,520,539,2018/2019,Q4,3,0
E06000008,93.6293436293436,91.1340206185567,518,485,2018/2019,Q4,3,0
E06000009,95.2153110047847,92.3857868020305,418,394,2018/2019,Q4,3,0
E06000049,95.7189901207464,93.3982683982684,911,924,2018/2019,Q4,3,0
E06000050,92.2107674684994,91.5754923413567,873,914,2018/2019,Q4,3,0
E08000001,94.9267192784668,92.4887892376682,887,892,2018/2019,Q4,3,0
E08000002,86.8475991649269,85.6127886323268,479,563,2018/2019,Q4,3,0
E08000003,91.5428571428571,86.8869936034115,1750,1876,2018/2019,Q4,3,0
E08000004,95.6403269754768,92.6017262638718,734,811,2018/2019,Q4,3,0
E08000005,91.5697674418605,90.5277401894452,688,739,2018/2019,Q4,3,0
E08000006,89.493670886076,90.537084398977,790,782,2018/2019,Q4,3,0
E08000007,95.7627118644068,94.1597139451728,826,839,2018/2019,Q4,3,0
E08000008,92.9447852760736,89.1701828410689,652,711,2018/2019,Q4,3,0
E08000009,94.3333333333334,95.4619124797407,600,617,2018/2019,Q4,3,0
E08000010,95.1821386603995,96.3302752293578,851,872,2018/2019,Q4,3,0
E08000011,90.7721280602637,91.0815939278937,531,527,2018/2019,Q4,3,0
E08000012,90.2635431918009,89.819944598338,1366,1444,2018/2019,Q4,3,0
E08000013,92.827868852459,88.7661141804788,488,543,2018/2019,Q4,3,0
E08000014,88.7772194304858,86.1337683523654,597,613,2018/2019,Q4,3,0
E08000015,94.393741851369,96.1538461538462,767,806,2018/2019,Q4,3,0
E10000006,95.837275307474,95.8643507030604,1057,1209,2018/2019,Q4,3,0
E10000017,93.8192211504109,91.7571884984026,2799,3130,2018/2019,Q4,3,0
E06000010,92.962962962963,92,810,875,2018/2019,Q4,3,0
E06000011,95.2861952861953,96.2131837307153,594,713,2018/2019,Q4,3,0
E06000012,94.5497630331754,94.8905109489051,422,411,2018/2019,Q4,3,0
E06000013,95.4441913439635,91.866028708134,439,418,2018/2019,Q4,3,0
E06000014,94.0042826552463,92.258064516129,467,465,2018/2019,Q4,3,0
E08000016,96.3181148748159,96.2910128388017,679,701,2018/2019,Q4,3,0
E08000017,93.107476635514,89.2941176470588,856,850,2018/2019,Q4,3,0
E08000018,96.728307254623,95.6233421750663,703,754,2018/2019,Q4,3,0
E08000019,93.4540389972145,92.1604938271605,1436,1620,2018/2019,Q4,3,0
E08000032,94.0623162845385,91.4409534127844,1701,1846,2018/2019,Q4,3,0
E08000033,90.9574468085106,91.0344827586207,564,580,2018/2019,Q4,3,0
E08000034,93.2013769363167,91.7140536149472,1162,1231,2018/2019,Q4,3,0
E08000035,93.2438103231221,91.9348268839104,2383,2455,2018/2019,Q4,3,0
E08000036,96.4930924548353,93.3333333333333,941,975,2018/2019,Q4,3,0
E10000023,95.2529182879377,93.0428134556575,1285,1308,2018/2019,Q4,3,0
E06000015,93.4895833333333,87.8019323671498,768,828,2018/2019,Q4,3,0
E06000016,94.0222032450897,91.1497105045492,1171,1209,2018/2019,Q4,3,0
E06000017,97.4358974358974,94.6666666666667,78,75,2018/2019,Q4,3,0
E06000018,88.2285714285714,84.0978593272171,875,981,2018/2019,Q4,3,0
E10000007,95.7978421351505,94.6504237288136,1761,1888,2018/2019,Q4,3,0
E10000018,96.9230769230769,96.374269005848,1625,1710,2018/2019,Q4,3,0
E10000019,94.9069003285871,89.512323020451,1826,1907,2018/2019,Q4,3,0
E10000021,94.9950932286555,92.5,2038,2200,2018/2019,Q4,3,0
E10000024,94.3979057591623,93.7406855439642,1910,2013,2018/2019,Q4,3,0
E06000019,93.5123042505593,90.3614457831325,447,415,2018/2019,Q4,3,0
E06000020,95.2191235059761,90,502,530,2018/2019,Q4,3,0
E06000021,93.0348258706468,90.3940886699507,804,812,2018/2019,Q4,3,0
E06000051,94.7530864197531,93.048128342246,648,748,2018/2019,Q4,3,0
E08000025,88.8682252922423,87.4147081122062,3764,3957,2018/2019,Q4,3,0
E08000026,88.6281588447654,87.4326750448833,1108,1114,2018/2019,Q4,3,0
E08000027,95.9016393442623,92.9608938547486,854,895,2018/2019,Q4,3,0
E08000028,90.0952380952381,90.7906168549088,1050,1151,2018/2019,Q4,3,0
E08000029,91.6974169741697,92.5724637681159,542,552,2018/2019,Q4,3,0
E08000030,91.5445321307779,92.6002055498458,887,973,2018/2019,Q4,3,0
E08000031,93.6528497409326,87.8281622911694,772,838,2018/2019,Q4,3,0
E10000028,95.4034229828851,92.9832935560859,2045,2095,2018/2019,Q4,3,0
E10000031,94.1700960219479,92.2163588390501,1458,1516,2018/2019,Q4,3,0
E10000034,93.3236574746009,92.1052631578947,1378,1520,2018/2019,Q4,3,0
E06000031,92.4107142857143,87.5,672,712,2018/2019,Q4,3,0
E06000032,87.6606683804627,81.7972350230415,778,868,2018/2019,Q4,3,0
E06000033,91.5708812260536,91.7004048582996,522,494,2018/2019,Q4,3,0
E06000034,91.7383820998279,88,581,600,2018/2019,Q4,3,0
E06000055,93.8661710037175,93.0966469428008,538,507,2018/2019,Q4,3,0
E06000056,97.6470588235294,94.5652173913044,765,828,2018/2019,Q4,3,0
E10000003,94.9533735600658,92.4114671163575,1823,1779,2018/2019,Q4,3,0
E10000012,94.0160240360541,92.6078526417838,3994,4126,2018/2019,Q4,3,0
E10000015,89.9120234604106,89.2033848847389,3410,3427,2018/2019,Q4,3,0
E10000020,94.6134663341646,93.9465039887377,2005,2131,2018/2019,Q4,3,0
E10000029,96.2210941906373,94.543429844098,1773,1796,2018/2019,Q4,3,0
E09000002,84.0144230769231,81.5668202764977,832,868,2018/2019,Q4,3,0
E09000003,89.8528272656855,82.5956489122281,1291,1333,2018/2019,Q4,3,0
E09000004,88.8166449934981,85.1595006934813,769,721,2018/2019,Q4,3,0
E09000005,88.2624768946396,82.8571428571429,1082,1155,2018/2019,Q4,3,0
E09000006,94.0755873340143,88.6694386694387,979,962,2018/2019,Q4,3,0
E09000007,85.2159468438538,80.5255023183926,602,647,2018/2019,Q4,3,0
E09000008,87.6174210076857,81.2742812742813,1171,1287,2018/2019,Q4,3,0
E09000009,90.0251466890193,79.9363057324841,1193,1256,2018/2019,Q4,3,0
E09000010,87.312030075188,80.3832116788321,1064,1096,2018/2019,Q4,3,0
E09000011,90.108803165183,85.4947166186359,1011,1041,2018/2019,Q4,3,0
E09000012,74.9516441005803,74.205267938238,1034,1101,2018/2019,Q4,3,0
E09000013,84.6570397111914,77.2727272727273,554,550,2018/2019,Q4,3,0
E09000014,87.0792616720956,81.0267857142857,921,896,2018/2019,Q4,3,0
E09000015,87.6558603491272,82.0322180916977,802,807,2018/2019,Q4,3,0
E09000016,89.5674300254453,88.3295194508009,786,874,2018/2019,Q4,3,0
E09000017,91.640866873065,81.4213197969543,969,985,2018/2019,Q4,3,0
E09000018,90.301724137931,80.2845528455285,928,984,2018/2019,Q4,3,0
E09000019,86.9688385269122,81.0888252148997,706,698,2018/2019,Q4,3,0
E09000020,80.8823529411765,72.4867724867725,544,567,2018/2019,Q4,3,0
E09000021,91.4389799635701,88.1469115191987,549,599,2018/2019,Q4,3,0
E09000022,87.1820956256358,79.0111940298508,983,1072,2018/2019,Q4,3,0
E09000023,88.0035810205909,81.5577439570278,1117,1117,2018/2019,Q4,3,0
E09000024,89.7478991596639,82.2327044025157,595,636,2018/2019,Q4,3,0
E09000025,88.8661202185793,81.7733990147783,1464,1421,2018/2019,Q4,3,0
E09000026,84.6722068328717,81.7241379310345,1083,1160,2018/2019,Q4,3,0
E09000027,91.4556962025316,87.8164556962025,632,632,2018/2019,Q4,3,0
E09000028,90.5133928571429,86.3738738738739,896,888,2018/2019,Q4,3,0
E09000029,93.6823104693141,91.3256955810147,554,611,2018/2019,Q4,3,0
E09000030,92.4151696606786,87.7551020408163,1002,1078,2018/2019,Q4,3,0
E09000031,86.217008797654,81.9417475728156,1023,1030,2018/2019,Q4,3,0
E09000032,89.1360136869119,83.1751509922347,1169,1159,2018/2019,Q4,3,0
E09000033,87.1244635193133,72.3991507430998,466,471,2018/2019,Q4,3,0
E06000035,92.3349056603774,91.2052117263844,848,921,2018/2019,Q4,3,0
E06000036,95.5974842767296,91.6905444126075,318,349,2018/2019,Q4,3,0
E06000037,95.7446808510638,93.717277486911,376,382,2018/2019,Q4,3,0
E06000038,90.0958466453674,91.6063675832127,626,691,2018/2019,Q4,3,0
E06000039,92.3344947735192,88.6010362694301,574,579,2018/2019,Q4,3,0
E06000040,93.3174224343675,92.9411764705882,419,425,2018/2019,Q4,3,0
E06000041,97.0149253731343,95.3608247422681,335,388,2018/2019,Q4,3,0
E06000042,95.9866220735786,89.3258426966292,897,890,2018/2019,Q4,3,0
E06000043,87.8130217028381,88.0913539967374,599,613,2018/2019,Q4,3,0
E06000044,97.3377703826955,93.4782608695652,601,598,2018/2019,Q4,3,0
E06000045,94.1176470588235,91.3793103448276,714,754,2018/2019,Q4,3,0
E06000046,91.2408759124088,81.8731117824773,274,331,2018/2019,Q4,3,0
E10000002,95.712401055409,92.6132404181185,1516,1435,2018/2019,Q4,3,0
E10000011,93.522906793049,92.891760904685,1266,1238,2018/2019,Q4,3,0
E10000014,95.0167122455181,93.5113407981625,3291,3483,2018/2019,Q4,3,0
E10000016,93.7891189215214,92.4851367419738,4154,4205,2018/2019,Q4,3,0
E10000025,94.7194719471947,94.543429844098,1818,1796,2018/2019,Q4,3,0
E10000030,85.2429514097181,88.5632183908046,3334,3480,2018/2019,Q4,3,0
E10000032,95.5109837631328,94.416704493872,2094,2203,2018/2019,Q4,3,0
E06000022,94.273127753304,94.4325481798715,454,467,2018/2019,Q4,3,0
E06000023,92.9209621993127,89.5790200138026,1455,1449,2018/2019,Q4,3,0
E06000024,96.1145194274029,93.5969868173258,489,531,2018/2019,Q4,3,0
E06000025,96.2864721485411,96.3683527885863,754,771,2018/2019,Q4,3,0
E06000026,96.0926193921853,94.8936170212766,691,705,2018/2019,Q4,3,0
E06000027,96.039603960396,93.9130434782609,303,345,2018/2019,Q4,3,0
E06000030,91.1214953271028,92.3728813559322,642,708,2018/2019,Q4,3,0
E06000052,92.398119122257,91.6072842438638,1276,1263,2018/2019,Q4,3,0
E06000054,95.8191126279863,95.6882255389718,1172,1206,2018/2019,Q4,3,0
E10000008,96.9211822660099,93.8586326767092,1624,1726,2018/2019,Q4,3,0
E10000013,93.0203045685279,92.0676202860858,1576,1538,2018/2019,Q4,3,0
E10000027,93.0851063829787,91.3857677902622,1316,1335,2018/2019,Q4,3,0
E06000059,95.8847736625514,96.3930348258707,729,804,2018/2019,Q4,3,0
